client,year,month,operating_model_actual,log_editorial_month,log_calendar_month,edit_minus_prod,verdict
Apartment List,2022,Oct,0,1,1,1,no_operating_model
Apartment List,2024,Oct,42,41,41,-1,close
Apartment List,2024,Nov,54,44,44,-10,gap
Athena,2021,Nov,0,1,1,1,no_operating_model
Athena,2022,Feb,0,4,4,4,no_operating_model
Athena,2022,Mar,0,18,18,18,no_operating_model
Athena,2022,Apr,0,6,5,6,no_operating_model
Athena,2022,May,0,7,7,7,no_operating_model
Athena,2025,Jan,5,0,0,-5,missing_from_log
Athena,2025,Mar,8,0,0,-8,missing_from_log
Athena,2025,Apr,18,0,0,-18,missing_from_log
Athena,2025,May,23,0,0,-23,missing_from_log
Athena,2025,Jun,18,0,0,-18,missing_from_log
Athena,2025,Jul,20,0,0,-20,missing_from_log
Athena,2025,Aug,20,0,0,-20,missing_from_log
Athena,2025,Sep,12,0,0,-12,missing_from_log
Athena,2025,Oct,21,0,0,-21,missing_from_log
Better,2025,Apr,6,4,4,-2,close
Better,2025,May,10,10,10,0,exact_match
Better,2025,Jun,18,15,15,-3,gap
Better,2025,Jul,18,19,19,1,close
Better,2025,Aug,18,20,20,2,close
Better,2025,Sep,18,20,20,2,close
Better,2025,Oct,20,18,18,-2,close
Better,2025,Nov,18,14,14,-4,gap
Better,2025,Dec,18,22,22,4,gap
Better,2026,Jan,13,13,5,0,exact_match
Better,2026,Feb,5,5,13,0,exact_match
BetterUp,2022,Feb,0,1,1,1,no_operating_model
BetterUp,2022,Mar,0,20,20,20,no_operating_model
BetterUp,2022,Apr,0,32,32,32,no_operating_model
BetterUp,2022,May,0,62,62,62,no_operating_model
BetterUp,2022,Jun,0,20,20,20,no_operating_model
BetterUp,2022,Jul,0,38,38,38,no_operating_model
BetterUp,2022,Aug,0,40,40,40,no_operating_model
BetterUp,2022,Sep,0,37,37,37,no_operating_model
BetterUp,2022,Oct,24,28,28,4,gap
BetterUp,2022,Nov,23,20,20,-3,gap
BetterUp,2022,Dec,41,40,40,-1,close
BetterUp,2023,Jan,40,42,42,2,close
BetterUp,2023,Feb,42,41,41,-1,close
BetterUp,2023,Mar,51,37,37,-14,gap
BetterUp,2023,Apr,56,55,55,-1,close
BetterUp,2023,May,63,78,78,15,gap
BetterUp,2023,Jun,48,48,48,0,exact_match
BetterUp,2023,Jul,60,50,50,-10,gap
BetterUp,2023,Aug,55,65,65,10,gap
BetterUp,2023,Sep,46,45,45,-1,close
BetterUp,2023,Oct,40,50,50,10,gap
BetterUp,2023,Nov,38,28,28,-10,gap
Blu,2024,Nov,2,2,2,0,exact_match
Blu,2024,Dec,3,3,3,0,exact_match
Blu,2025,Jan,10,8,8,-2,close
Blu,2025,Feb,10,9,9,-1,close
Blu,2025,Mar,0,3,3,3,no_operating_model
Blu,2025,Apr,5,4,4,-1,close
Blu,2025,May,0,1,1,1,no_operating_model
Boulevard,2026,Jan,5,5,3,0,exact_match
Boulevard,2026,Feb,10,10,10,0,exact_match
Boulevard,2026,Mar,15,15,17,0,exact_match
Boulevard,2026,Apr,25,23,19,-2,close
Boulevard,2026,May,26,24,21,-2,close
Boulevard,2026,Jun,0,3,10,3,no_operating_model
Captions,2023,Oct,5,0,0,-5,missing_from_log
Captions,2023,Nov,20,0,0,-20,missing_from_log
Captions,2023,Dec,25,0,0,-25,missing_from_log
Captions,2024,Jan,25,0,0,-25,missing_from_log
Captions,2024,Feb,14,0,0,-14,missing_from_log
Captions,2024,Mar,20,0,0,-20,missing_from_log
Captions,2024,Apr,20,0,0,-20,missing_from_log
Captions,2024,May,21,0,0,-21,missing_from_log
Captions,2024,Jun,20,0,0,-20,missing_from_log
Captions,2024,Jul,20,0,0,-20,missing_from_log
Captions,2024,Aug,20,0,0,-20,missing_from_log
Captions,2024,Sep,25,0,0,-25,missing_from_log
Captions,2024,Oct,30,0,0,-30,missing_from_log
Captions,2024,Nov,40,0,0,-40,missing_from_log
Captions,2024,Dec,40,0,0,-40,missing_from_log
Captions,2025,Jan,40,0,0,-40,missing_from_log
Captions,2025,Feb,40,0,0,-40,missing_from_log
Captions,2025,Mar,79,0,0,-79,missing_from_log
Captions,2025,Apr,74,0,0,-74,missing_from_log
Captions,2025,May,47,0,0,-47,missing_from_log
Captions,2025,Jun,40,0,0,-40,missing_from_log
Captions,2025,Jul,40,0,0,-40,missing_from_log
Captions,2025,Aug,8,0,0,-8,missing_from_log
Captions,2025,Oct,9,0,0,-9,missing_from_log
Captions,2025,Nov,10,0,0,-10,missing_from_log
Captions,2025,Dec,11,0,0,-11,missing_from_log
ChatGPT,2025,Jul,1,0,0,-1,close
ChatGPT,2025,Aug,3,4,4,1,close
Cointracker,2024,Jun,14,10,10,-4,gap
Cointracker,2024,Jul,26,29,29,3,gap
Cointracker,2024,Aug,9,8,8,-1,close
Cointracker,2024,Sep,5,3,3,-2,close
Cointracker,2024,Oct,10,12,12,2,close
Cointracker,2024,Nov,10,10,10,0,exact_match
Cointracker,2024,Dec,17,17,17,0,exact_match
Cointracker,2025,Jan,24,19,19,-5,gap
Cointracker,2025,Feb,22,21,21,-1,close
Cointracker,2025,Mar,22,32,32,10,gap
Cointracker,2025,Apr,16,13,13,-3,gap
Cointracker,2025,May,5,7,7,2,close
Cointracker,2025,Jun,6,4,4,-2,close
Cointracker,2025,Jul,9,9,9,0,exact_match
Cointracker,2025,Aug,20,14,14,-6,gap
Cointracker,2025,Sep,19,23,23,4,gap
Cointracker,2025,Oct,25,17,17,-8,gap
Cointracker,2025,Nov,26,22,22,-4,gap
Cointracker,2025,Dec,22,23,23,1,close
Cointracker,2026,Jan,28,24,21,-4,gap
Cointracker,2026,Feb,22,16,18,-6,month_boundary
Cointracker,2026,Mar,22,17,18,-5,month_boundary
Cointracker,2026,Apr,21,19,16,-2,close
Cointracker,2026,May,0,0,3,0,no_operating_model
College HUNKS,2026,Jan,1,1,0,0,exact_match
College HUNKS,2026,Feb,5,5,5,0,exact_match
College HUNKS,2026,Mar,10,10,11,0,exact_match
College HUNKS,2026,Apr,10,10,8,0,exact_match
College HUNKS,2026,May,29,30,22,1,close
College HUNKS,2026,Jun,0,5,15,5,no_operating_model
Composer,2023,Aug,1,1,1,0,exact_match
Composer,2023,Sep,5,5,5,0,exact_match
Composer,2023,Oct,10,13,13,3,gap
Composer,2023,Nov,10,7,7,-3,gap
Composer,2023,Dec,25,20,20,-5,gap
Composer,2024,Jan,25,28,28,3,gap
Composer,2024,Feb,9,9,9,0,exact_match
Composer,2024,Mar,3,3,3,0,exact_match
Comun,2025,Jun,5,0,0,-5,missing_from_log
Comun,2025,Jul,10,0,0,-10,missing_from_log
Comun,2025,Aug,15,0,0,-15,missing_from_log
Comun,2025,Sep,17,0,0,-17,missing_from_log
Comun,2025,Oct,24,0,0,-24,missing_from_log
Comun,2025,Nov,5,0,0,-5,missing_from_log
Contra,2022,Dec,5,5,5,0,exact_match
Contra,2023,Jan,15,15,15,0,exact_match
Contra,2023,Feb,20,20,20,0,exact_match
Contra,2023,Mar,26,21,21,-5,gap
Contra,2023,Apr,26,24,24,-2,close
Contra,2023,May,26,33,33,7,gap
Contra,2023,Jun,34,26,26,-8,gap
Contra,2023,Jul,40,35,35,-5,gap
Contra,2023,Aug,33,43,43,10,gap
Contra,2023,Sep,30,32,32,2,close
Contra,2023,Oct,40,48,48,8,gap
Contra,2023,Nov,17,7,7,-10,gap
Dr Squatch,2026,May,5,5,3,0,exact_match
Dr Squatch,2026,Jun,0,2,4,2,no_operating_model
EarnIn B2C,2023,Jul,5,0,0,-5,missing_from_log
EarnIn B2C,2023,Aug,10,0,0,-10,missing_from_log
EarnIn B2C,2023,Sep,10,0,0,-10,missing_from_log
EarnIn B2C,2023,Oct,10,0,0,-10,missing_from_log
EarnIn B2C,2023,Nov,10,0,0,-10,missing_from_log
EarnIn B2C,2023,Dec,10,0,0,-10,missing_from_log
EarnIn B2C,2024,Jan,10,0,0,-10,missing_from_log
EarnIn B2C,2024,Feb,10,0,0,-10,missing_from_log
EarnIn B2C,2024,Mar,13,0,0,-13,missing_from_log
EarnIn B2C,2024,Apr,12,0,0,-12,missing_from_log
EarnIn B2C,2024,May,10,0,0,-10,missing_from_log
EarnIn B2C,2024,Jun,12,0,0,-12,missing_from_log
EarnIn B2C,2024,Jul,10,0,0,-10,missing_from_log
EarnIn B2C,2024,Aug,10,0,0,-10,missing_from_log
EarnIn B2C,2024,Sep,10,0,0,-10,missing_from_log
EarnIn B2C,2024,Oct,16,0,0,-16,missing_from_log
EarnIn B2C,2024,Nov,16,0,0,-16,missing_from_log
EarnIn B2C,2024,Dec,16,0,0,-16,missing_from_log
EarnIn B2C,2025,Jan,16,0,0,-16,missing_from_log
EarnIn B2C,2025,Feb,16,0,0,-16,missing_from_log
EarnIn B2C,2025,Mar,15,0,0,-15,missing_from_log
EarnIn B2C,2025,Apr,3,0,0,-3,missing_from_log
Earnin B2B,2024,Oct,3,3,3,0,exact_match
Earnin B2B,2024,Nov,5,5,5,0,exact_match
Earnin B2B,2024,Dec,11,11,11,0,exact_match
Earnin B2B,2025,Jan,17,14,14,-3,gap
Earnin B2B,2025,Feb,3,5,5,2,close
Earnin B2B,2025,Mar,5,4,4,-1,close
Earnin B2B,2025,Apr,10,10,10,0,exact_match
Earnin B2B,2025,May,15,13,13,-2,close
Earnin B2B,2025,Jun,15,15,15,0,exact_match
Earnin B2B,2025,Jul,16,18,18,2,close
Earnin B2B,2025,Aug,11,12,12,1,close
Earnin B2B,2025,Sep,9,9,9,0,exact_match
Ellis,2025,Aug,0,2,2,2,no_operating_model
Ellis,2025,Sep,0,3,3,3,no_operating_model
Ellis,2025,Oct,9,7,7,-2,close
Ellis,2025,Nov,14,6,6,-8,gap
Ellis,2025,Dec,7,16,16,9,gap
Engine,2024,Nov,6,6,6,0,exact_match
Engine,2024,Dec,4,4,4,0,exact_match
Engine,2025,Jan,8,7,7,-1,close
Engine,2025,Feb,18,15,15,-3,gap
Engine,2025,Mar,18,18,18,0,exact_match
Engine,2025,Apr,18,15,15,-3,gap
Engine,2025,May,18,16,16,-2,close
Engine,2025,Jun,18,19,19,1,close
Engine,2025,Jul,18,19,19,1,close
Engine,2025,Aug,24,26,26,2,close
Engine,2025,Sep,26,27,27,1,close
Engine,2025,Oct,4,3,3,-1,close
Eventbrite,2025,Dec,2,2,2,0,exact_match
Eventbrite,2026,Jan,4,4,4,0,exact_match
Eventbrite,2026,Feb,5,5,2,0,exact_match
Eventbrite,2026,Mar,0,0,3,0,no_operating_model
Eventbrite,2026,May,6,6,2,0,exact_match
Eventbrite,2026,Jun,0,6,10,6,no_operating_model
Everand,2025,Apr,3,2,2,-1,close
Everand,2025,May,12,5,5,-7,gap
Everand,2025,Jun,20,21,21,1,close
Everand,2025,Jul,20,22,22,2,close
Everand,2025,Aug,20,18,18,-2,close
Everand,2025,Sep,20,25,25,5,gap
Everand,2025,Oct,20,20,20,0,exact_match
Everand,2025,Nov,20,20,20,0,exact_match
Fellow,2024,Mar,5,2,2,-3,gap
Fellow,2024,Apr,9,12,12,3,gap
Fellow,2024,May,10,10,10,0,exact_match
Fellow,2024,Jun,10,8,8,-2,close
Fellow,2024,Jul,1,2,2,1,close
Felt,2025,Aug,2,1,1,-1,close
Felt,2025,Sep,5,6,6,1,close
Felt,2025,Oct,10,8,8,-2,close
Felt,2025,Nov,15,12,12,-3,gap
Felt,2025,Dec,15,20,20,5,gap
Felt,2026,Jan,15,15,11,0,exact_match
Felt,2026,Feb,9,10,12,1,close
Felt,2026,Mar,10,10,12,0,exact_match
Felt,2026,Apr,11,11,10,0,exact_match
Felt,2026,May,10,10,8,0,exact_match
Felt,2026,Jun,0,2,5,2,no_operating_model
First Round Capital,2023,May,5,0,0,-5,missing_from_log
First Round Capital,2023,Jun,1,0,0,-1,close
Fishbowl,2024,Jan,5,5,5,0,exact_match
Fishbowl,2024,Feb,16,16,16,0,exact_match
Fishbowl,2024,Mar,15,14,14,-1,close
Fishbowl,2024,Apr,5,6,6,1,close
Fishbowl,2024,May,10,10,10,0,exact_match
Fishbowl,2024,Jun,24,21,21,-3,gap
Fishbowl,2024,Jul,25,31,31,6,gap
Fishbowl,2024,Aug,25,23,23,-2,close
Fishbowl,2024,Sep,16,16,16,0,exact_match
Fishbowl,2024,Oct,16,21,21,5,gap
Fishbowl,2024,Nov,16,17,17,1,close
Fishbowl,2024,Dec,7,7,7,0,exact_match
Fishbowl,2025,Jan,8,8,8,0,exact_match
Fishbowl,2025,Feb,8,8,8,0,exact_match
Fishbowl,2025,Mar,8,7,7,-1,close
Fishbowl,2025,Apr,8,8,8,0,exact_match
Fishbowl,2025,May,8,9,9,1,close
Fishbowl,2025,Jun,8,14,14,6,gap
Fivetran,2025,Jan,0,1,1,1,no_operating_model
Fivetran,2025,Feb,0,1,1,1,no_operating_model
Fivetran,2025,Sep,1,1,1,0,exact_match
Fivetran,2025,Oct,5,5,5,0,exact_match
Fivetran,2025,Nov,10,6,6,-4,gap
Fivetran,2025,Dec,15,18,18,3,gap
Fivetran,2026,Jan,22,20,12,-2,close
Fivetran,2026,Feb,23,22,22,-1,close
Fivetran,2026,Mar,20,20,28,0,exact_match
Fivetran,2026,Apr,22,20,17,-2,close
Fivetran,2026,May,16,16,14,0,exact_match
Fivetran,2026,Jun,0,4,9,4,no_operating_model
Flex,2026,Apr,5,5,2,0,exact_match
Flex,2026,May,10,10,6,0,exact_match
Flex,2026,Jun,0,0,7,0,no_operating_model
Front,2025,Oct,2,2,2,0,exact_match
Front,2025,Nov,5,2,2,-3,gap
Front,2025,Dec,10,13,13,3,gap
Front,2026,Jan,9,9,4,0,exact_match
Front,2026,Feb,24,24,21,0,exact_match
Front,2026,Mar,17,17,25,0,exact_match
Front,2026,Apr,19,19,12,0,exact_match
Front,2026,May,20,19,18,-1,close
Front,2026,Jun,0,8,16,8,no_operating_model
Gainbridge,2024,Oct,6,6,6,0,exact_match
Gainbridge,2024,Nov,6,6,6,0,exact_match
Gainbridge,2024,Dec,6,6,6,0,exact_match
Gainbridge,2025,Jan,18,16,16,-2,close
Gainbridge,2025,Feb,18,14,14,-4,gap
Gainbridge,2025,Mar,18,18,18,0,exact_match
Gainbridge,2025,Apr,18,21,21,3,gap
Gainbridge,2025,May,18,16,16,-2,close
Gainbridge,2025,Jun,18,19,19,1,close
Gainbridge,2025,Jul,18,19,19,1,close
Gainbridge,2025,Aug,18,13,13,-5,gap
Gainbridge,2025,Sep,20,21,21,1,close
Gainbridge,2025,Oct,18,18,18,0,exact_match
Gainbridge,2025,Nov,20,20,20,0,exact_match
Gainbridge,2025,Dec,16,16,16,0,exact_match
Gainbridge,2026,Jan,15,15,11,0,exact_match
Gainbridge,2026,Feb,10,10,14,0,exact_match
Gainbridge,2026,Mar,15,16,16,1,close
Gainbridge,2026,Jun,0,7,7,7,no_operating_model
GenstoreAI,2025,Dec,5,0,0,-5,missing_from_log
GenstoreAI,2026,Jan,10,0,0,-10,missing_from_log
GenstoreAI,2026,Feb,15,0,0,-15,missing_from_log
GenstoreAI,2026,Mar,10,0,0,-10,missing_from_log
Glossgenius,2024,May,5,5,5,0,exact_match
Glossgenius,2024,Jun,12,6,6,-6,gap
Glossgenius,2024,Jul,13,19,19,6,gap
Glossgenius,2024,Aug,10,10,10,0,exact_match
Glossgenius,2024,Sep,10,8,8,-2,close
Glossgenius,2024,Oct,10,12,12,2,close
Glossgenius,2024,Nov,10,10,10,0,exact_match
Glossgenius,2024,Dec,4,4,4,0,exact_match
Glossgenius,2025,Jan,16,15,15,-1,close
Glossgenius,2025,Feb,0,1,1,1,no_operating_model
Grindr,2023,Apr,5,1,1,-4,gap
Grindr,2023,May,10,14,14,4,gap
Grindr,2023,Jun,19,15,15,-4,gap
Grindr,2023,Jul,3,7,7,4,gap
Grindr,2023,Sep,18,18,18,0,exact_match
Grindr,2023,Oct,20,28,28,8,gap
Grindr,2023,Nov,20,10,10,-10,gap
Grindr,2023,Dec,40,32,32,-8,gap
Grindr,2024,Jan,38,46,46,8,gap
Grindr,2024,Feb,7,7,7,0,exact_match
Grindr,2024,Mar,21,20,20,-1,close
Grindr,2024,Apr,20,21,21,1,close
Grindr,2024,May,20,20,20,0,exact_match
Grindr,2024,Jun,20,16,16,-4,gap
Grindr,2024,Jul,20,24,24,4,gap
Grindr,2024,Aug,20,16,16,-4,gap
Grindr,2024,Sep,20,18,18,-2,close
Grindr,2024,Oct,20,24,24,4,gap
Grindr,2024,Nov,20,19,19,-1,close
Grindr,2024,Dec,19,19,19,0,exact_match
Honeybook,2025,Apr,0,3,3,3,no_operating_model
Honeybook,2026,Jan,5,5,5,0,exact_match
Honeybook,2026,Feb,10,10,8,0,exact_match
Honeybook,2026,Mar,15,15,17,0,exact_match
Honeybook,2026,Apr,25,22,14,-3,gap
Honeybook,2026,May,26,26,26,0,exact_match
Honeybook,2026,Jun,0,4,12,4,no_operating_model
Huntress,2026,Feb,5,5,3,0,exact_match
Huntress,2026,Mar,10,10,12,0,exact_match
Huntress,2026,Apr,5,5,3,0,exact_match
Huntress,2026,May,5,5,7,0,exact_match
Huntress,2026,Jun,0,2,2,2,no_operating_model
Invoice Simple,2021,Nov,0,1,1,1,no_operating_model
Invoice Simple,2024,Feb,5,5,5,0,exact_match
Invoice Simple,2024,Mar,10,9,9,-1,close
Invoice Simple,2024,Apr,15,16,16,1,close
Invoice Simple,2024,May,25,25,25,0,exact_match
Invoice Simple,2024,Jun,25,22,22,-3,gap
Invoice Simple,2024,Jul,25,28,28,3,gap
Invoice Simple,2024,Aug,25,25,25,0,exact_match
Invoice Simple,2024,Sep,25,18,18,-7,gap
Invoice Simple,2024,Oct,25,32,32,7,gap
Invoice Simple,2024,Nov,23,22,22,-1,close
Invoice Simple,2024,Dec,28,28,28,0,exact_match
Invoice Simple,2025,Jan,9,9,9,0,exact_match
IronVest,2023,Oct,5,5,5,0,exact_match
IronVest,2023,Nov,10,10,10,0,exact_match
IronVest,2023,Dec,25,20,20,-5,gap
IronVest,2024,Jan,30,35,35,5,gap
IronVest,2024,Feb,10,10,10,0,exact_match
Landing,2024,Jan,1,1,0,0,exact_match
Landing,2024,Feb,16,16,0,0,exact_match
Landing,2024,Mar,13,12,0,-1,close
Landing,2024,Apr,10,11,0,1,close
Landing,2024,May,10,10,0,0,exact_match
Landing,2024,Jun,10,8,0,-2,close
Landing,2024,Jul,6,6,0,0,exact_match
Landing,2024,Sep,0,2,0,2,no_operating_model
Leapsome,2025,Apr,0,1,1,1,no_operating_model
Leapsome,2026,Jan,1,1,0,0,exact_match
Leapsome,2026,Feb,1,1,1,0,exact_match
Leapsome,2026,Mar,9,8,9,-1,close
Leapsome,2026,Apr,19,17,14,-2,close
Leapsome,2026,May,31,31,27,0,exact_match
Leapsome,2026,Jun,0,12,19,12,no_operating_model
Legit Security,2024,Aug,3,1,1,-2,close
Legit Security,2024,Sep,6,6,6,0,exact_match
Legit Security,2024,Oct,6,8,8,2,close
Legit Security,2024,Nov,12,12,12,0,exact_match
Legit Security,2024,Dec,12,12,12,0,exact_match
Legit Security,2025,Jan,12,11,11,-1,close
Legit Security,2025,Feb,16,13,13,-3,gap
Legit Security,2025,Mar,14,10,10,-4,gap
Legit Security,2025,Apr,18,24,24,6,gap
Legit Security,2025,May,16,14,14,-2,close
Legit Security,2025,Jun,5,7,7,2,close
Legit Security,2025,Jul,16,12,12,-4,gap
Legit Security,2025,Aug,18,32,32,14,gap
Legit Security,2025,Sep,14,14,14,0,exact_match
Legit Security,2025,Oct,16,16,16,0,exact_match
Legit Security,2025,Nov,16,15,15,-1,close
Legit Security,2025,Dec,12,13,13,1,close
Lenny,2023,Jun,3,3,3,0,exact_match
Linktree,2021,Mar,0,4,0,4,no_operating_model
Linktree,2022,Jun,0,11,0,11,no_operating_model
Linktree,2022,Jul,0,22,0,22,no_operating_model
Linktree,2022,Aug,0,31,0,31,no_operating_model
Linktree,2022,Sep,0,31,0,31,no_operating_model
Linktree,2022,Oct,20,31,0,11,gap
Linktree,2022,Nov,36,25,0,-11,gap
Linktree,2022,Dec,30,14,0,-16,gap
Linktree,2023,Jan,27,33,0,6,gap
Linktree,2023,Feb,28,25,0,-3,gap
Linktree,2023,Mar,31,26,0,-5,gap
Linktree,2023,Apr,27,23,0,-4,gap
Linktree,2023,May,0,15,0,15,no_operating_model
Linktree,2023,Sep,5,5,0,0,exact_match
Linktree,2023,Oct,19,25,0,6,gap
Linktree,2023,Nov,6,0,0,-6,missing_from_log
Maven Clinic,2026,Mar,5,5,5,0,exact_match
Maven Clinic,2026,Apr,10,10,4,0,exact_match
Maven Clinic,2026,May,15,15,14,0,exact_match
Maven Clinic,2026,Jun,0,4,11,4,no_operating_model
Men's Wearhouse,2026,Apr,5,5,3,0,exact_match
Men's Wearhouse,2026,May,10,10,10,0,exact_match
Men's Wearhouse,2026,Jun,0,2,4,2,no_operating_model
Meta AI,2025,Nov,7,0,0,-7,missing_from_log
Meta AI,2025,Dec,2,0,0,-2,close
Meta AI,2026,Jan,10,0,0,-10,missing_from_log
Meta AI,2026,Feb,14,0,0,-14,missing_from_log
Meta AI,2026,Mar,18,0,0,-18,missing_from_log
Meta AI,2026,Apr,18,0,0,-18,missing_from_log
Meta AI,2026,May,18,0,0,-18,missing_from_log
Meta BMG,2026,Apr,5,0,0,-5,missing_from_log
Meta BMG,2026,May,15,0,0,-15,missing_from_log
Meta RL,2025,Oct,1,0,0,-1,close
Meta RL,2025,Nov,28,0,0,-28,missing_from_log
Meta RL,2025,Dec,27,0,0,-27,missing_from_log
Meta RL,2026,Jan,11,0,0,-11,missing_from_log
Meta RL,2026,Feb,9,0,0,-9,missing_from_log
Meta RL,2026,Mar,12,0,0,-12,missing_from_log
Meta RL,2026,Apr,1,0,0,-1,close
Mistplay,2025,Sep,2,2,2,0,exact_match
Mistplay,2025,Oct,5,5,5,0,exact_match
Mistplay,2025,Nov,10,10,10,0,exact_match
Mistplay,2025,Dec,15,15,15,0,exact_match
Mistplay,2026,Jan,24,24,16,0,exact_match
Mistplay,2026,Feb,22,26,28,4,gap
Mistplay,2026,Mar,18,18,24,0,exact_match
Mistplay,2026,Apr,18,18,10,0,exact_match
Mistplay,2026,May,18,18,20,0,exact_match
Mistplay,2026,Jun,0,4,10,4,no_operating_model
Miter,2025,Dec,2,2,2,0,exact_match
Miter,2026,Jan,5,5,4,0,exact_match
Miter,2026,Feb,15,15,11,0,exact_match
Miter,2026,Mar,15,15,20,0,exact_match
Miter,2026,Apr,25,25,11,0,exact_match
Miter,2026,May,28,28,29,0,exact_match
Miter,2026,Jun,0,1,14,1,no_operating_model
Moss,2025,Aug,5,3,3,-2,close
Moss,2025,Sep,10,12,12,2,close
Moss,2025,Oct,26,19,19,-7,gap
Moss,2025,Nov,17,17,17,0,exact_match
Moss,2025,Dec,10,17,17,7,gap
Moss,2026,Jan,11,10,10,-1,close
Neeva,2023,Jan,5,5,5,0,exact_match
Neeva,2023,Feb,10,9,9,-1,close
Neeva,2023,Mar,6,3,3,-3,gap
Neeva,2023,Apr,9,12,12,3,gap
Neiman Marcus,2022,Oct,5,0,0,-5,missing_from_log
Neiman Marcus,2022,Nov,33,0,0,-33,missing_from_log
Neiman Marcus,2022,Dec,45,0,0,-45,missing_from_log
Neiman Marcus,2023,Jan,50,0,0,-50,missing_from_log
Neiman Marcus,2023,Feb,50,0,0,-50,missing_from_log
Neiman Marcus,2023,Mar,49,0,0,-49,missing_from_log
Neiman Marcus,2023,Apr,51,0,0,-51,missing_from_log
Notion,2022,Dec,5,5,5,0,exact_match
Notion,2023,Jan,9,10,10,1,close
Notion,2023,Feb,25,25,25,0,exact_match
Notion,2023,Mar,51,41,41,-10,gap
Notion,2023,Apr,60,63,63,3,gap
Notion,2023,May,41,47,47,6,gap
Notion,2023,Jun,40,40,40,0,exact_match
Notion,2023,Jul,40,33,33,-7,gap
Notion,2023,Aug,20,27,27,7,gap
Notion,2023,Sep,41,42,42,1,close
Notion,2023,Oct,58,56,56,-2,close
Onton,2025,Mar,5,3,3,-2,close
Onton,2025,Apr,10,8,8,-2,close
Onton,2025,May,15,16,16,1,close
Onton,2025,Jun,24,25,25,1,close
Onton,2025,Jul,18,20,20,2,close
Onton,2025,Aug,18,15,15,-3,gap
Onton,2025,Sep,16,17,17,1,close
Orderful (II),2023,May,6,0,0,-6,missing_from_log
Orderful (II),2023,Jun,19,0,0,-19,missing_from_log
Orderful (II),2023,Jul,23,0,0,-23,missing_from_log
Orderful (II),2023,Aug,20,0,0,-20,missing_from_log
Orderful (II),2023,Sep,20,0,0,-20,missing_from_log
Orderful (II),2023,Oct,15,0,0,-15,missing_from_log
Orderful (II),2024,Oct,5,0,0,-5,missing_from_log
Orderful (II),2024,Nov,10,0,0,-10,missing_from_log
Orderful (II),2024,Dec,15,0,0,-15,missing_from_log
Orderful (II),2025,Jan,15,0,0,-15,missing_from_log
Orderful (II),2025,Feb,25,0,0,-25,missing_from_log
Orderful (II),2025,Mar,20,0,0,-20,missing_from_log
Orderful (II),2025,Apr,15,0,0,-15,missing_from_log
Orderful (II),2025,May,15,0,0,-15,missing_from_log
Orderful (II),2025,Jun,15,0,0,-15,missing_from_log
Otter,2024,Aug,2,0,0,-2,close
Otter,2024,Sep,8,6,6,-2,close
Otter,2024,Oct,10,14,14,4,gap
Otter,2024,Nov,15,15,15,0,exact_match
Otter,2024,Dec,15,15,15,0,exact_match
Otter,2025,Jan,12,11,11,-1,close
Otter,2025,Feb,14,13,13,-1,close
Otter,2025,Mar,11,13,13,2,close
Otter,2025,Apr,12,10,10,-2,close
Otter,2025,May,10,9,9,-1,close
Otter,2025,Jun,11,15,15,4,gap
Otter,2025,Jul,13,11,11,-2,close
Otter,2025,Aug,0,3,3,3,no_operating_model
Oyster,2024,Mar,5,3,3,-2,close
Oyster,2024,Apr,10,12,12,2,close
Oyster,2024,May,15,15,15,0,exact_match
Oyster,2024,Jun,16,11,11,-5,gap
Oyster,2024,Jul,15,20,20,5,gap
Oyster,2024,Aug,15,13,13,-2,close
Oyster,2024,Sep,16,14,14,-2,close
Oyster,2024,Oct,16,20,20,4,gap
Oyster,2024,Nov,14,12,12,-2,close
Oyster,2024,Dec,17,17,17,0,exact_match
Oyster,2025,Jan,15,10,10,-5,gap
Oyster,2025,Feb,14,18,18,4,gap
Oyster,2025,Mar,15,16,16,1,close
Oyster,2025,Apr,15,13,13,-2,close
Oyster,2025,May,19,22,22,3,gap
Oyster,2025,Jun,21,21,21,0,exact_match
Oyster,2025,Jul,20,19,19,-1,close
Oyster,2025,Aug,16,14,14,-2,close
Oyster,2025,Sep,15,18,18,3,gap
Oyster,2025,Oct,18,16,16,-2,close
Oyster,2025,Nov,21,20,20,-1,close
Oyster,2025,Dec,4,7,7,3,gap
Oyster,2026,Jan,10,10,10,0,exact_match
Oyster,2026,Feb,8,8,8,0,exact_match
Oyster,2026,Mar,15,15,15,0,exact_match
Oyster,2026,Apr,15,15,15,0,exact_match
Pebl,2026,May,3,3,0,0,exact_match
Pebl,2026,Jun,0,1,4,1,no_operating_model
Photoroom,2026,Mar,1,1,1,0,exact_match
Photoroom,2026,Apr,5,3,2,-2,close
Photoroom,2026,May,10,9,6,-1,close
Photoroom,2026,Jun,0,4,8,4,no_operating_model
Practice,2021,Mar,0,3,3,3,no_operating_model
Practice,2022,Jun,0,5,5,5,no_operating_model
Practice,2022,Jul,0,23,23,23,no_operating_model
Practice,2022,Aug,0,26,26,26,no_operating_model
Practice,2022,Sep,0,22,22,22,no_operating_model
Practice,2022,Oct,13,11,11,-2,close
Practice,2022,Nov,25,25,25,0,exact_match
Practice,2022,Dec,25,21,21,-4,gap
Practice,2023,Jan,25,23,23,-2,close
Practice,2023,Feb,33,32,32,-1,close
Practice,2023,Mar,33,31,31,-2,close
Practice,2023,Apr,28,20,20,-8,gap
Practice,2023,May,32,32,32,0,exact_match
Practice,2023,Jun,9,15,15,6,gap
Practice,2023,Sep,0,1,1,1,no_operating_model
Practice,2023,Nov,0,1,1,1,no_operating_model
Pylon,2025,Sep,5,5,5,0,exact_match
Pylon,2025,Oct,10,8,8,-2,close
Pylon,2025,Nov,15,10,10,-5,gap
Pylon,2025,Dec,20,26,26,6,gap
Pylon,2026,Jan,26,26,22,0,exact_match
Pylon,2026,Feb,20,20,19,0,exact_match
Pylon,2026,Mar,18,18,23,0,exact_match
Pylon,2026,Apr,18,18,15,0,exact_match
Pylon,2026,May,18,18,18,0,exact_match
Pylon,2026,Jun,0,3,6,3,no_operating_model
Quinn,2023,Jan,0,4,4,4,no_operating_model
Quinn,2023,Mar,0,6,6,6,no_operating_model
Quinn,2023,Apr,0,1,1,1,no_operating_model
Quinn,2023,Jun,1,1,1,0,exact_match
Quinn,2023,Jul,14,8,8,-6,gap
Quinn,2023,Aug,25,31,31,6,gap
Quinn,2023,Sep,19,18,18,-1,close
Quinn,2023,Oct,25,31,31,6,gap
Quinn,2023,Nov,25,19,19,-6,gap
Quinn,2023,Dec,40,30,30,-10,gap
Quinn,2024,Jan,30,36,36,6,gap
Quinn,2024,Feb,30,30,30,0,exact_match
Quinn,2024,Mar,20,8,8,-12,gap
Quinn,2024,Apr,2,7,7,5,gap
Rox,2025,Apr,8,3,3,-5,gap
Rox,2025,May,8,11,11,3,gap
Rox,2025,Jun,28,12,12,-16,gap
Rox,2025,Jul,48,31,31,-17,gap
Rox,2025,Aug,41,24,24,-17,gap
Rox,2025,Sep,39,37,37,-2,close
Rox,2025,Oct,24,22,22,-2,close
Rox,2025,Nov,24,23,23,-1,close
Rox,2025,Dec,6,9,9,3,gap
Rox,2026,Jan,7,7,5,0,exact_match
Rox,2026,Feb,3,3,5,0,exact_match
Scribe,2024,Jun,3,2,2,-1,close
Scribe,2024,Jul,10,11,11,1,close
Scribe,2024,Aug,7,5,5,-2,close
Scribe,2024,Sep,13,12,12,-1,close
Scribe,2024,Oct,13,16,16,3,gap
Scribe,2024,Nov,14,15,15,1,close
Scribe,2024,Dec,10,9,9,-1,close
Scribe,2025,Jan,10,8,8,-2,close
Scribe,2025,Feb,10,9,9,-1,close
Scribe,2025,Mar,0,3,3,3,no_operating_model
Sermo,2025,Jan,5,3,3,-2,close
Sermo,2025,Feb,10,10,10,0,exact_match
Sermo,2025,Mar,9,7,7,-2,close
Sermo,2025,Apr,1,5,5,4,gap
Sermo,2025,May,6,4,4,-2,close
Sermo,2025,Jun,0,2,2,2,no_operating_model
Serval,2026,Apr,5,5,2,0,exact_match
Serval,2026,May,10,10,11,0,exact_match
Serval,2026,Jun,0,2,4,2,no_operating_model
Smartling,2024,Sep,4,3,3,-1,close
Smartling,2024,Oct,8,9,9,1,close
Smartling,2024,Nov,6,6,6,0,exact_match
Smartling,2024,Dec,18,18,18,0,exact_match
Smartling,2025,Jan,17,13,13,-4,gap
Smartling,2025,Feb,18,18,18,0,exact_match
Smartling,2025,Mar,18,16,16,-2,close
Smartling,2025,Apr,19,19,19,0,exact_match
Smartling,2025,May,10,14,14,4,gap
Smartling,2025,Jun,26,20,20,-6,gap
Smartling,2025,Jul,18,24,24,6,gap
Smartling,2025,Aug,14,15,15,1,close
Smartling,2025,Sep,4,5,5,1,close
Talkiatry,2025,Aug,0,2,2,2,no_operating_model
TaskRabbit,2023,Nov,0,11,11,11,no_operating_model
TaskRabbit,2023,Dec,25,14,14,-11,gap
TaskRabbit,2024,Jan,50,50,50,0,exact_match
Tempo,2023,Jun,0,7,7,7,no_operating_model
Tempo,2023,Jul,0,16,16,16,no_operating_model
Tempo,2023,Aug,0,47,47,47,no_operating_model
Tempo,2023,Sep,0,17,17,17,no_operating_model
Tempo,2023,Oct,0,29,29,29,no_operating_model
Tempo,2023,Nov,0,1,0,1,no_operating_model
Tempo,2023,Dec,0,22,22,22,no_operating_model
Tempo,2024,Jan,0,11,11,11,no_operating_model
Tempo,2024,Feb,0,10,10,10,no_operating_model
Tempo,2024,Mar,0,19,19,19,no_operating_model
Tempo,2024,Apr,0,23,23,23,no_operating_model
Tempo,2024,May,0,23,23,23,no_operating_model
Tempo,2024,Jun,0,17,17,17,no_operating_model
Tempo,2024,Jul,0,23,23,23,no_operating_model
Tempo,2024,Aug,0,15,15,15,no_operating_model
Tempo,2024,Sep,0,12,12,12,no_operating_model
Tempo,2024,Oct,0,4,4,4,no_operating_model
Tempo,2024,Nov,0,4,4,4,no_operating_model
Tempo,2024,Dec,0,4,4,4,no_operating_model
Tempo,2025,Jan,0,22,22,22,no_operating_model
Tempo,2025,Feb,0,29,29,29,no_operating_model
Tempo,2025,Mar,0,33,33,33,no_operating_model
Tempo,2025,Apr,0,29,29,29,no_operating_model
Tempo,2025,May,0,11,11,11,no_operating_model
Tempo,2025,Jun,0,26,26,26,no_operating_model
Tempo,2025,Jul,0,16,16,16,no_operating_model
Tempo,2025,Aug,0,12,12,12,no_operating_model
Tempo,2025,Sep,0,22,22,22,no_operating_model
Tempo.io,2023,Jun,7,0,0,-7,missing_from_log
Tempo.io,2023,Jul,20,0,0,-20,missing_from_log
Tempo.io,2023,Aug,40,0,0,-40,missing_from_log
Tempo.io,2023,Sep,20,0,0,-20,missing_from_log
Tempo.io,2023,Oct,15,0,0,-15,missing_from_log
Tempo.io,2023,Nov,15,0,0,-15,missing_from_log
Tempo.io,2023,Dec,25,0,0,-25,missing_from_log
Tempo.io,2024,Jan,10,0,0,-10,missing_from_log
Tempo.io,2024,Feb,9,0,0,-9,missing_from_log
Tempo.io,2024,Mar,25,0,0,-25,missing_from_log
Tempo.io,2024,Apr,18,0,0,-18,missing_from_log
Tempo.io,2024,May,24,0,0,-24,missing_from_log
Tempo.io,2024,Jun,24,0,0,-24,missing_from_log
Tempo.io,2024,Jul,17,0,0,-17,missing_from_log
Tempo.io,2024,Aug,17,0,0,-17,missing_from_log
Tempo.io,2024,Sep,11,0,0,-11,missing_from_log
Tempo.io,2024,Nov,4,0,0,-4,missing_from_log
Tempo.io,2024,Dec,4,0,0,-4,missing_from_log
Tempo.io,2025,Jan,29,0,0,-29,missing_from_log
Tempo.io,2025,Feb,37,0,0,-37,missing_from_log
Tempo.io,2025,Mar,34,0,0,-34,missing_from_log
Tempo.io,2025,Apr,17,0,0,-17,missing_from_log
Tempo.io,2025,May,17,0,0,-17,missing_from_log
Tempo.io,2025,Jun,17,0,0,-17,missing_from_log
Tempo.io,2025,Jul,17,0,0,-17,missing_from_log
Tempo.io,2025,Aug,17,0,0,-17,missing_from_log
Tempo.io,2025,Sep,17,0,0,-17,missing_from_log
ThredUp,2024,Jul,5,5,5,0,exact_match
ThredUp,2024,Aug,10,9,9,-1,close
ThredUp,2024,Sep,20,18,18,-2,close
ThredUp,2024,Oct,24,27,27,3,gap
ThredUp,2024,Nov,24,24,24,0,exact_match
ThredUp,2024,Dec,24,24,24,0,exact_match
ThredUp,2025,Jan,24,20,20,-4,gap
ThredUp,2025,Feb,24,22,22,-2,close
ThredUp,2025,Mar,24,24,24,0,exact_match
ThredUp,2025,Apr,24,23,23,-1,close
ThredUp,2025,May,24,24,24,0,exact_match
ThredUp,2025,Jun,13,16,16,3,gap
ThredUp,2025,Jul,0,3,3,3,no_operating_model
TravelJoy,2025,May,4,4,4,0,exact_match
TravelJoy,2025,Jun,6,5,5,-1,close
TravelJoy,2025,Jul,5,6,6,1,close
Vimeo,2024,Dec,4,0,0,-4,missing_from_log
Vimeo,2025,Jan,4,0,0,-4,missing_from_log
Vimeo,2025,Feb,4,0,0,-4,missing_from_log
Vimeo,2025,Mar,12,0,0,-12,missing_from_log
Vimeo,2025,Apr,12,0,0,-12,missing_from_log
Vimeo,2025,May,12,0,0,-12,missing_from_log
Vimeo,2025,Jun,12,0,0,-12,missing_from_log
Vimeo,2025,Jul,12,0,0,-12,missing_from_log
Vimeo,2025,Aug,12,0,0,-12,missing_from_log
Vimeo,2025,Sep,12,0,0,-12,missing_from_log
Vimeo,2025,Oct,12,0,0,-12,missing_from_log
Vimeo,2025,Nov,12,0,0,-12,missing_from_log
Vimeo,2025,Dec,12,0,0,-12,missing_from_log
Vimeo,2026,Jan,12,0,0,-12,missing_from_log
Vimeo,2026,Feb,12,0,0,-12,missing_from_log
Vimeo,2026,Mar,12,0,0,-12,missing_from_log
Vimeo,2026,Apr,12,0,0,-12,missing_from_log
Vimeo,2026,May,10,0,0,-10,missing_from_log
Webflow,2019,Sep,0,5,5,5,no_operating_model
Webflow,2020,Dec,0,1,1,1,no_operating_model
Webflow,2021,Oct,0,1,1,1,no_operating_model
Webflow,2021,Dec,0,2,2,2,no_operating_model
Webflow,2022,Aug,0,5,5,5,no_operating_model
Webflow,2022,Sep,0,10,10,10,no_operating_model
Webflow,2022,Oct,23,15,15,-8,gap
Webflow,2022,Nov,20,17,17,-3,gap
Webflow,2022,Dec,13,8,8,-5,gap
Webflow,2023,Jan,15,20,20,5,gap
Webflow,2023,Feb,23,21,21,-2,close
Webflow,2023,Mar,26,22,22,-4,gap
Webflow,2023,Apr,24,20,20,-4,gap
Webflow,2023,May,26,35,35,9,gap
Webflow,2023,Jun,25,26,26,1,close
Webflow,2023,Jul,28,21,21,-7,gap
Webflow,2023,Aug,25,0,0,-25,missing_from_log
Webflow,2023,Sep,16,0,0,-16,missing_from_log
Webflow,2023,Oct,28,0,0,-28,missing_from_log
Webflow,2023,Nov,30,6,6,-24,gap
Webflow,2023,Dec,31,10,10,-21,gap
Webflow,2024,Jan,30,18,18,-12,gap
Webflow,2024,Feb,32,32,32,0,exact_match
Webflow,2024,Mar,31,26,26,-5,gap
Webflow,2024,Apr,31,36,36,5,gap
Webflow,2024,May,31,31,31,0,exact_match
Webflow,2024,Jun,31,28,28,-3,gap
Webflow,2024,Jul,31,34,34,3,gap
Webflow,2024,Aug,30,28,28,-2,close
Webflow,2024,Sep,10,9,9,-1,close
Webflow,2024,Oct,10,18,18,8,gap
Webflow,2024,Nov,10,10,10,0,exact_match
Webflow,2024,Dec,10,10,10,0,exact_match
Webflow,2025,Jan,10,8,8,-2,close
Webflow,2025,Feb,10,9,9,-1,close
Webflow,2025,Mar,0,3,3,3,no_operating_model
Webflow,2025,Apr,12,7,7,-5,gap
Webflow,2025,May,18,12,12,-6,gap
Webflow,2025,Jun,10,6,6,-4,gap
Webflow,2025,Jul,10,8,8,-2,close
Webflow,2025,Aug,7,5,5,-2,close
Webflow,2025,Sep,13,8,8,-5,gap
Webflow,2025,Oct,10,5,5,-5,gap
Webflow,2025,Nov,10,6,6,-4,gap
Webflow,2025,Dec,10,7,7,-3,gap
Webflow,2026,Jan,10,9,8,-1,close
Webflow,2026,Feb,10,7,6,-3,gap
Webflow,2026,Mar,15,15,17,0,exact_match
Webflow,2026,Apr,15,15,12,0,exact_match
Webflow,2026,May,10,10,11,0,exact_match
Webflow,2026,Jun,0,2,4,2,no_operating_model
Webflow,2026,Sep,0,6,6,6,no_operating_model
Workleap + Sharegate,2025,May,5,2,2,-3,gap
Workleap + Sharegate,2025,Jun,10,9,9,-1,close
Workleap + Sharegate,2025,Jul,15,15,15,0,exact_match
Workleap + Sharegate,2025,Aug,23,16,16,-7,gap
Workleap + Sharegate,2025,Sep,14,21,21,7,gap
Workleap + Sharegate,2025,Oct,15,10,10,-5,gap
Workleap + Sharegate,2025,Nov,25,14,14,-11,gap
Workleap + Sharegate,2025,Dec,26,22,22,-4,gap
Workleap + Sharegate,2026,Jan,20,13,7,-7,gap
Workleap + Sharegate,2026,Feb,37,32,19,-5,gap
Workleap + Sharegate,2026,Mar,36,33,52,-3,gap
Workleap + Sharegate,2026,Apr,15,0,0,-15,missing_from_log
dYdX,2023,Jan,5,1,1,-4,gap
dYdX,2023,Feb,11,13,13,2,close
dYdX,2023,Mar,19,19,19,0,exact_match
dYdX,2023,Apr,20,6,6,-14,gap
dYdX,2023,May,20,21,21,1,close
dYdX,2023,Jun,20,27,27,7,gap
dYdX,2023,Jul,26,12,12,-14,gap
dYdX,2023,Aug,10,23,23,13,gap
dYdX,2023,Sep,9,8,8,-1,close
dYdX,2023,Nov,20,11,11,-9,gap
dYdX,2023,Dec,40,17,17,-23,gap
dYdX,2024,Jan,40,76,75,36,month_boundary
dYdX,2024,Feb,40,40,40,0,exact_match
dYdX,2024,Mar,15,15,15,0,exact_match
dYdX,2024,Apr,15,41,41,26,gap
dYdX,2024,May,15,14,14,-1,close
dYdX,2024,Jun,15,15,15,0,exact_match
dYdX,2024,Jul,15,14,14,-1,close
dYdX,2024,Aug,15,20,20,5,gap
dYdX,2024,Sep,10,11,11,1,close
dYdX,2024,Oct,0,2,2,2,no_operating_model
n8n,2026,Mar,6,4,4,-2,close
n8n,2026,Apr,10,9,8,-1,close
n8n,2026,May,15,12,12,-3,gap
n8n,2026,Jun,0,6,7,6,no_operating_model
